Timestamp,OperationName,Phase,DurationMs,MemoryBefore,MemoryAfter,MemoryDelta,Gen0,Gen1,Gen2
2026-01-13T15:05:41.7345303Z,Pipeline,ApplyFilters_preview,15.144,8465336,8546280,80944,0,0,0
2026-01-13T15:05:41.7800437Z,Pipeline,PreviewPass,60.676,8465336,8546280,80944,0,0,0
2026-01-13T15:05:41.9202212Z,Pipeline,ApplyFilters_full,119.143,8554504,8644896,90392,0,0,0
2026-01-13T15:05:41.9775812Z,Pipeline,FullPass,176.541,8546280,8741408,195128,0,0,0
2026-01-13T15:05:42.0138521Z,Pipeline,Total,294.488,8465336,8741408,276072,0,0,0
2026-01-13T15:05:42.0470235Z,Pipeline,ApplyFilters_preview,39.932,8741408,8788400,46992,0,0,0
2026-01-13T15:05:42.0875379Z,Pipeline,PreviewPass,80.483,8741408,8796568,55160,0,0,0
2026-01-13T15:05:42.1478727Z,Pipeline,ApplyFilters_full,41.443,8796568,8804792,8224,0,0,0
2026-01-13T15:05:42.2117900Z,Pipeline,FullPass,105.492,8796568,8853472,56904,0,0,0
2026-01-13T15:05:42.2408556Z,Pipeline,Total,233.810,8741408,8893592,152184,0,0,0
2026-01-13T15:05:42.2770507Z,Pipeline,ApplyFilters_preview,43.042,8861672,8893592,31920,0,0,0
2026-01-13T15:05:42.3127304Z,Pipeline,PreviewPass,78.748,8861672,8901760,40088,0,0,0
2026-01-13T15:05:42.3628154Z,Pipeline,ApplyFilters_full,32.196,8906384,8947312,40928,0,0,0
2026-01-13T15:05:42.4040919Z,Pipeline,FullPass,73.511,8901760,8955536,53776,0,0,0
2026-01-13T15:05:42.4263817Z,Pipeline,Total,192.403,8861672,8955536,93864,0,0,0
2026-01-13T15:05:42.4973780Z,Pipeline,ApplyFilters_preview,76.805,8955536,9012648,57112,0,0,0
2026-01-13T15:05:42.5447499Z,Pipeline,PreviewPass,124.208,8955536,9012648,57112,0,0,0
2026-01-13T15:05:42.5652904Z,Pipeline,Total,144.758,8955536,9053616,98080,0,0,0
2026-01-13T15:05:42.6255783Z,Pipeline,ApplyFilters_preview,64.802,9053616,9078288,24672,0,0,0
2026-01-13T15:05:42.6699209Z,Pipeline,PreviewPass,109.177,9053616,9110640,57024,0,0,0
2026-01-13T15:05:42.6902426Z,Pipeline,Total,129.506,9045456,9118808,73352,0,0,0
2026-01-13T15:05:42.7495724Z,Pipeline,ApplyFilters_preview,63.563,9110640,9135152,24512,0,0,0
2026-01-13T15:05:42.7913684Z,Pipeline,PreviewPass,105.584,9110640,9192680,82040,0,0,0
2026-01-13T15:05:42.8129325Z,Pipeline,Total,127.131,9110640,9209032,98392,0,0,0
2026-01-13T15:05:42.8756891Z,Pipeline,ApplyFilters_preview,67.227,9209032,9247840,38808,0,0,0
2026-01-13T15:05:42.9172199Z,Pipeline,PreviewPass,108.781,9200848,9247840,46992,0,0,0
2026-01-13T15:05:42.9386148Z,Pipeline,Total,130.181,9200848,9256032,55184,0,0,0
2026-01-13T15:05:43.0007703Z,Pipeline,ApplyFilters_preview,66.923,9256032,9305280,49248,0,0,0
2026-01-13T15:05:43.0446957Z,Pipeline,PreviewPass,110.866,9256032,9305280,49248,0,0,0
2026-01-13T15:05:43.0704502Z,Pipeline,Total,136.627,9256032,9351272,95240,0,0,0
2026-01-13T15:05:43.1300077Z,Pipeline,ApplyFilters_preview,64.120,9351272,9367440,16168,0,0,0
2026-01-13T15:05:43.1807254Z,Pipeline,PreviewPass,114.858,9351272,9400024,48752,0,0,0
2026-01-13T15:05:43.2026805Z,Pipeline,Total,136.820,9351272,9408184,56912,0,0,0
2026-01-13T15:05:43.2628873Z,Pipeline,ApplyFilters_preview,64.905,9408184,9416344,8160,0,0,0
2026-01-13T15:05:43.3085390Z,Pipeline,PreviewPass,110.566,9408184,9462136,53952,0,0,0
2026-01-13T15:05:43.3306893Z,Pipeline,Total,132.731,9408184,9470336,62152,0,0,0
2026-01-13T15:05:43.3863739Z,Pipeline,ApplyFilters_preview,60.314,9470336,9517800,47464,0,0,0
2026-01-13T15:05:43.4282302Z,Pipeline,PreviewPass,102.190,9470336,9517800,47464,0,0,0
2026-01-13T15:05:43.4505733Z,Pipeline,Total,124.537,9470336,9525992,55656,0,0,0
2026-01-13T15:05:43.5096714Z,Pipeline,ApplyFilters_preview,63.519,9517800,9564968,47168,0,0,0
2026-01-13T15:05:43.5514754Z,Pipeline,PreviewPass,105.344,9517800,9573144,55344,0,0,0
2026-01-13T15:05:43.5727292Z,Pipeline,Total,126.605,9517800,9606952,89152,0,0,0
2026-01-13T15:05:43.6493712Z,Pipeline,ApplyFilters_preview,80.936,9606952,9623120,16168,0,0,0
2026-01-13T15:05:43.6947457Z,Pipeline,PreviewPass,126.334,9606952,9688520,81568,0,0,0
2026-01-13T15:05:43.7180556Z,Pipeline,Total,149.653,9606952,9696712,89760,0,0,0
2026-01-13T15:05:43.7759673Z,Pipeline,ApplyFilters_preview,62.868,9696712,9734432,37720,0,0,0
2026-01-13T15:05:43.8203247Z,Pipeline,PreviewPass,107.247,9696712,9734432,37720,0,0,0
2026-01-13T15:05:43.8416384Z,Pipeline,Total,128.564,9696712,9742632,45920,0,0,0
2026-01-13T15:05:43.9011287Z,Pipeline,ApplyFilters_preview,63.831,9742632,9827080,84448,0,0,0
2026-01-13T15:05:43.9432175Z,Pipeline,PreviewPass,106.062,9742632,9827080,84448,0,0,0
2026-01-13T15:05:43.9642738Z,Pipeline,Total,127.124,9742632,9875744,133112,0,0,0
2026-01-13T15:05:44.0235458Z,Pipeline,ApplyFilters_preview,63.781,9835008,9883456,48448,0,0,0
2026-01-13T15:05:44.0696829Z,Pipeline,PreviewPass,109.924,9835008,9912704,77696,0,0,0
2026-01-13T15:05:44.0909991Z,Pipeline,Total,131.338,9835008,9920840,85832,0,0,0
2026-01-13T15:05:44.1552357Z,Pipeline,ApplyFilters_preview,69.602,9912704,9929000,16296,0,0,0
2026-01-13T15:05:44.1991961Z,Pipeline,PreviewPass,113.582,9912704,10001392,88688,0,0,0
2026-01-13T15:05:44.2204003Z,Pipeline,Total,134.789,9912704,10001392,88688,0,0,0
2026-01-13T15:05:44.2768717Z,Pipeline,ApplyFilters_preview,61.005,10001392,10009616,8224,0,0,0
2026-01-13T15:05:44.3211231Z,Pipeline,PreviewPass,105.276,10001392,10041704,40312,0,0,0
2026-01-13T15:05:44.3417264Z,Pipeline,Total,125.887,10001392,10049880,48488,0,0,0
2026-01-13T15:05:44.3979732Z,Pipeline,ApplyFilters_preview,60.924,10049880,10097344,47464,0,0,0
2026-01-13T15:05:44.4395220Z,Pipeline,PreviewPass,102.491,10049880,10097344,47464,0,0,0
2026-01-13T15:05:44.4606387Z,Pipeline,Total,123.616,10049880,10105568,55688,0,0,0
2026-01-13T15:05:44.5122872Z,Pipeline,ApplyFilters_preview,56.310,10097344,10138280,40936,0,0,0
2026-01-13T15:05:44.5447836Z,Pipeline,PreviewPass,88.826,10097344,10146448,49104,0,0,0
2026-01-13T15:05:44.5844031Z,Pipeline,ApplyFilters_full,23.577,10146448,10207576,61128,0,0,0
2026-01-13T15:05:44.6183488Z,Pipeline,FullPass,57.550,10146448,10215768,69320,0,0,0
2026-01-13T15:05:44.6353077Z,Pipeline,Total,179.353,10097344,10215768,118424,0,0,0
2026-01-13T15:05:45.0805275Z,Pipeline,ApplyFilters_preview,46.913,8888200,7784368,-1103832,1,1,1
2026-01-13T15:05:45.1247086Z,Pipeline,PreviewPass,91.107,8880000,7792592,-1087408,1,1,1
2026-01-13T15:05:45.1967358Z,Pipeline,ApplyFilters_full,44.719,7792592,7823056,30464,0,0,0
2026-01-13T15:05:45.2472546Z,Pipeline,FullPass,95.270,7792592,7897072,104480,0,0,0
2026-01-13T15:05:45.2687083Z,Pipeline,Total,235.116,8880000,7905248,-974752,1,1,1
2026-01-13T15:05:45.3846691Z,Pipeline,ApplyFilters_preview,120.262,7897072,7937928,40856,0,0,0
2026-01-13T15:05:45.4272239Z,Pipeline,PreviewPass,162.840,7897072,8033440,136368,0,0,0
2026-01-13T15:05:45.4488815Z,Pipeline,Total,184.504,7897072,8041584,144512,0,0,0
2026-01-13T15:05:45.5149834Z,Pipeline,ApplyFilters_preview,71.005,8033440,8098328,64888,0,0,0
2026-01-13T15:05:45.5617838Z,Pipeline,PreviewPass,117.822,8033440,8098328,64888,0,0,0
2026-01-13T15:05:45.5838973Z,Pipeline,Total,139.944,8033440,8147528,114088,0,0,0
2026-01-13T15:05:45.6435787Z,Pipeline,ApplyFilters_preview,64.369,8106552,8155680,49128,0,0,0
2026-01-13T15:05:45.6881248Z,Pipeline,PreviewPass,108.936,8106552,8188192,81640,0,0,0
2026-01-13T15:05:45.7087960Z,Pipeline,Total,129.613,8106552,8196392,89840,0,0,0
2026-01-13T15:05:45.7761297Z,Pipeline,ApplyFilters_preview,71.990,8196392,8212616,16224,0,0,0
2026-01-13T15:05:45.8218107Z,Pipeline,PreviewPass,117.694,8196392,8294088,97696,0,0,0
2026-01-13T15:05:45.8430623Z,Pipeline,Total,138.951,8196392,8294088,97696,0,0,0
2026-01-13T15:05:45.9054842Z,Pipeline,ApplyFilters_preview,66.992,8294088,8326880,32792,0,0,0
2026-01-13T15:05:45.9472640Z,Pipeline,PreviewPass,108.793,8294088,8335072,40984,0,0,0
2026-01-13T15:05:45.9714121Z,Pipeline,Total,132.933,8294088,8335072,40984,0,0,0
2026-01-13T15:05:46.0312917Z,Pipeline,ApplyFilters_preview,65.464,8335072,8389392,54320,0,0,0
2026-01-13T15:05:46.0760512Z,Pipeline,PreviewPass,110.356,8335072,8397592,62520,0,0,0
2026-01-13T15:05:46.0987389Z,Pipeline,Total,133.051,8335072,8459056,123984,0,0,0
2026-01-13T15:05:46.1626476Z,Pipeline,ApplyFilters_preview,68.379,8450856,8459056,8200,0,0,0
2026-01-13T15:05:46.2105773Z,Pipeline,PreviewPass,116.335,8450856,8515848,64992,0,0,0
2026-01-13T15:05:46.2319851Z,Pipeline,Total,137.749,8450856,8515848,64992,0,0,0
2026-01-13T15:05:46.2901964Z,Pipeline,ApplyFilters_preview,62.581,8515848,8532224,16376,0,0,0
2026-01-13T15:05:46.3318512Z,Pipeline,PreviewPass,104.258,8515848,8564632,48784,0,0,0
2026-01-13T15:05:46.3530840Z,Pipeline,Total,125.496,8515848,8572768,56920,0,0,0
2026-01-13T15:05:46.4131128Z,Pipeline,ApplyFilters_preview,64.483,8572768,8621888,49120,0,0,0
2026-01-13T15:05:46.4547266Z,Pipeline,PreviewPass,106.116,8572768,8621888,49120,0,0,0
2026-01-13T15:05:46.4755118Z,Pipeline,Total,126.909,8572768,8629840,57072,0,0,0
2026-01-13T15:05:46.5327657Z,Pipeline,ApplyFilters_preview,61.625,8621888,8662688,40800,0,0,0
2026-01-13T15:05:46.5752560Z,Pipeline,PreviewPass,104.132,8621888,8670872,48984,0,0,0
2026-01-13T15:05:46.5993343Z,Pipeline,Total,128.214,8621888,8718032,96144,0,0,0
2026-01-13T15:05:46.6547444Z,Pipeline,ApplyFilters_preview,60.719,8676912,8734160,57248,0,0,0
2026-01-13T15:05:46.6957951Z,Pipeline,PreviewPass,101.790,8676912,8742336,65424,0,0,0
2026-01-13T15:05:46.7184905Z,Pipeline,Total,124.487,8676912,8783376,106464,0,0,0
2026-01-13T15:05:46.7759222Z,Pipeline,ApplyFilters_preview,62.945,8783376,8791504,8128,0,0,0
2026-01-13T15:05:46.8201299Z,Pipeline,PreviewPass,107.188,8783376,8832032,48656,0,0,0
2026-01-13T15:05:46.8405668Z,Pipeline,Total,127.631,8783376,8840064,56688,0,0,0
2026-01-13T15:05:46.8986116Z,Pipeline,ApplyFilters_preview,62.735,8840064,8864584,24520,0,0,0
2026-01-13T15:05:46.9409499Z,Pipeline,PreviewPass,105.195,8832032,8903776,71744,0,0,0
2026-01-13T15:05:46.9624869Z,Pipeline,Total,126.739,8832032,8911928,79896,0,0,0
2026-01-13T15:05:47.0228528Z,Pipeline,ApplyFilters_preview,65.036,8903776,8934432,30656,0,0,0
2026-01-13T15:05:47.0654243Z,Pipeline,PreviewPass,107.628,8903776,8942632,38856,0,0,0
2026-01-13T15:05:47.0873052Z,Pipeline,Total,129.517,8903776,8942632,38856,0,0,0
2026-01-13T15:05:47.1480422Z,Pipeline,ApplyFilters_preview,65.295,8942632,8998712,56080,0,0,0
2026-01-13T15:05:47.1911706Z,Pipeline,PreviewPass,108.448,8942632,8998712,56080,0,0,0
2026-01-13T15:05:47.2144145Z,Pipeline,Total,131.695,8942632,9043232,100600,0,0,0
2026-01-13T15:05:47.2744844Z,Pipeline,ApplyFilters_preview,65.867,9043232,9051432,8200,0,0,0
2026-01-13T15:05:47.3187735Z,Pipeline,PreviewPass,110.197,9043232,9090656,47424,0,0,0
2026-01-13T15:05:47.3411729Z,Pipeline,Total,132.606,9043232,9098848,55616,0,0,0
2026-01-13T15:05:47.4008462Z,Pipeline,ApplyFilters_preview,64.609,9090656,9107040,16384,0,0,0
2026-01-13T15:05:47.4487245Z,Pipeline,PreviewPass,112.521,9090656,9169288,78632,0,0,0
2026-01-13T15:05:47.4724062Z,Pipeline,Total,136.210,9090656,9177488,86832,0,0,0
2026-01-13T15:05:47.5390526Z,Pipeline,ApplyFilters_preview,72.039,9169288,9204240,34952,0,0,0
2026-01-13T15:05:47.5843274Z,Pipeline,PreviewPass,117.328,9169288,9204240,34952,0,0,0
2026-01-13T15:05:47.6080311Z,Pipeline,Total,141.043,9169288,9245128,75840,0,0,0
2026-01-13T15:05:47.6561526Z,Pipeline,ApplyFilters_preview,53.060,9212376,9261288,48912,0,0,0
2026-01-13T15:05:47.6924724Z,Pipeline,PreviewPass,89.399,9212376,9261288,48912,0,0,0
2026-01-13T15:05:47.7565821Z,Pipeline,ApplyFilters_full,45.029,9310952,9319136,8184,0,0,0
2026-01-13T15:05:47.7978088Z,Pipeline,FullPass,86.291,9310952,9322376,11424,0,0,0
2026-01-13T15:05:47.8150136Z,Pipeline,Total,211.944,9212376,9426320,213944,0,0,0
2026-01-13T15:05:48.1891028Z,Pipeline,ApplyFilters_preview,13.515,8732976,8741200,8224,0,0,0
2026-01-13T15:05:48.2263135Z,Pipeline,PreviewPass,50.755,8732976,8861456,128480,0,0,0
2026-01-13T15:05:48.3092144Z,Pipeline,ApplyFilters_full,62.123,8861456,8886104,24648,0,0,0
2026-01-13T15:05:48.3528467Z,Pipeline,FullPass,105.788,8861456,8956592,95136,0,0,0
2026-01-13T15:05:48.3745792Z,Pipeline,Total,199.026,8732976,8956592,223616,0,0,0
2026-01-13T15:05:48.4346070Z,Pipeline,ApplyFilters_preview,65.166,8956592,9003576,46984,0,0,0
2026-01-13T15:05:48.4800291Z,Pipeline,PreviewPass,110.609,8956592,9011768,55176,0,0,0
2026-01-13T15:05:48.5023298Z,Pipeline,Total,132.916,8956592,9011768,55176,0,0,0
2026-01-13T15:05:48.5631094Z,Pipeline,ApplyFilters_preview,66.079,9011768,9082760,70992,0,0,0
2026-01-13T15:05:48.6080677Z,Pipeline,PreviewPass,111.056,9011768,9082760,70992,0,0,0
2026-01-13T15:05:48.6290966Z,Pipeline,Total,132.094,9011768,9139072,127304,0,0,0
2026-01-13T15:05:48.6903634Z,Pipeline,ApplyFilters_preview,66.505,9139072,9147176,8104,0,0,0
2026-01-13T15:05:48.7356951Z,Pipeline,PreviewPass,111.859,9139072,9211624,72552,0,0,0
2026-01-13T15:05:48.7556647Z,Pipeline,Total,131.835,9139072,9211624,72552,0,0,0
2026-01-13T15:05:48.8269641Z,Pipeline,ApplyFilters_preview,75.580,9211624,9236120,24496,0,0,0
2026-01-13T15:05:48.8789095Z,Pipeline,PreviewPass,127.566,9211624,9285248,73624,0,0,0
2026-01-13T15:05:48.9091356Z,Pipeline,Total,157.802,9211624,9285248,73624,0,0,0
2026-01-13T15:05:48.9454772Z,Pipeline,ApplyFilters_preview,43.966,9285248,9332016,46768,0,0,0
2026-01-13T15:05:48.9870748Z,Pipeline,PreviewPass,85.580,9285248,9332016,46768,0,0,0
2026-01-13T15:05:49.1052461Z,Pipeline,ApplyFilters_full,95.325,9340184,9413928,73744,0,0,0
2026-01-13T15:05:49.1663875Z,Pipeline,FullPass,156.513,9340184,9495880,155696,0,0,0
2026-01-13T15:05:49.1927860Z,Pipeline,Total,291.296,9285248,9504064,218816,0,0,0
2026-01-13T15:05:49.2270425Z,Pipeline,ApplyFilters_preview,40.908,9495880,9535136,39256,0,0,0
2026-01-13T15:05:49.2720974Z,Pipeline,PreviewPass,85.994,9495880,9543320,47440,0,0,0
2026-01-13T15:05:49.3284195Z,Pipeline,ApplyFilters_full,36.107,9543320,9551544,8224,0,0,0
2026-01-13T15:05:49.3867903Z,Pipeline,FullPass,94.509,9543320,9617088,73768,0,0,0
2026-01-13T15:05:49.4128803Z,Pipeline,Total,226.781,9495880,9617088,121208,0,0,0
2026-01-13T15:05:49.4492108Z,Pipeline,ApplyFilters_preview,42.482,9617088,9665712,48624,0,0,0
2026-01-13T15:05:49.4946960Z,Pipeline,PreviewPass,87.993,9617088,9665712,48624,0,0,0
2026-01-13T15:05:49.5550004Z,Pipeline,ApplyFilters_full,37.241,9673936,9747104,73168,0,0,0
2026-01-13T15:05:49.6106868Z,Pipeline,FullPass,92.958,9673936,9747104,73168,0,0,0
2026-01-13T15:05:49.6381584Z,Pipeline,Total,231.456,9617088,9795368,178280,0,0,0
2026-01-13T15:05:49.7133261Z,Pipeline,ApplyFilters_preview,81.395,9795368,9819848,24480,0,0,0
2026-01-13T15:05:49.7676183Z,Pipeline,PreviewPass,135.716,9787224,9867192,79968,0,0,0
2026-01-13T15:05:49.7974565Z,Pipeline,Total,165.557,9787224,9875376,88152,0,0,0
2026-01-13T15:05:49.8299727Z,Pipeline,ApplyFilters_preview,39.567,9867192,9914432,47240,0,0,0
2026-01-13T15:05:49.8765115Z,Pipeline,PreviewPass,86.130,9867192,9922424,55232,0,0,0
2026-01-13T15:05:49.9375275Z,Pipeline,ApplyFilters_full,37.529,9922424,9938832,16408,0,0,0
2026-01-13T15:05:49.9924992Z,Pipeline,FullPass,92.549,9922424,10029104,106680,0,0,0
2026-01-13T15:05:50.0216910Z,Pipeline,Total,231.310,9867192,10029104,161912,0,0,0
2026-01-13T15:05:50.0557667Z,Pipeline,ApplyFilters_preview,39.236,10029104,10078256,49152,0,0,0
2026-01-13T15:05:50.0993808Z,Pipeline,PreviewPass,82.873,10029104,10086456,57352,0,0,0
2026-01-13T15:05:50.1607355Z,Pipeline,ApplyFilters_full,40.857,10086456,10152056,65600,0,0,0
2026-01-13T15:05:50.2190742Z,Pipeline,FullPass,99.228,10086456,10160280,73824,0,0,0
2026-01-13T15:05:50.2508304Z,Pipeline,Total,234.322,10029104,10201368,172264,0,0,0
2026-01-13T15:05:50.2863813Z,Pipeline,ApplyFilters_preview,41.661,10201368,10209568,8200,0,0,0
2026-01-13T15:05:50.3299300Z,Pipeline,PreviewPass,85.237,10201368,10209568,8200,0,0,0
2026-01-13T15:05:50.3890045Z,Pipeline,ApplyFilters_full,37.634,10275336,10283472,8136,0,0,0
2026-01-13T15:05:50.4431768Z,Pipeline,FullPass,91.846,10275336,10291656,16320,0,0,0
2026-01-13T15:05:50.4696832Z,Pipeline,Total,224.994,10201368,10332696,131328,0,0,0
2026-01-13T15:05:50.5026676Z,Pipeline,ApplyFilters_preview,38.910,10332696,10332696,0,0,0,0
2026-01-13T15:05:50.5457738Z,Pipeline,PreviewPass,82.035,10324552,10381824,57272,0,0,0
2026-01-13T15:05:50.6050060Z,Pipeline,ApplyFilters_full,37.030,10381824,10390000,8176,0,0,0
2026-01-13T15:05:50.6566775Z,Pipeline,FullPass,88.794,10381824,10406304,24480,0,0,0
2026-01-13T15:05:50.6835940Z,Pipeline,Total,219.862,10324552,10472072,147520,0,0,0
2026-01-13T15:05:50.8285641Z,Pipeline,ApplyFilters_preview,150.895,10463872,8320984,-2142888,1,1,1
2026-01-13T15:05:50.8824828Z,Pipeline,PreviewPass,204.967,10463872,8419928,-2043944,1,1,1
2026-01-13T15:05:50.9076474Z,Pipeline,Total,230.135,10463872,8428104,-2035768,1,1,1
2026-01-13T15:05:50.9437641Z,Pipeline,ApplyFilters_preview,41.899,8419928,8428104,8176,0,0,0
2026-01-13T15:05:51.0143561Z,Pipeline,PreviewPass,112.511,8419928,8477384,57456,0,0,0
2026-01-13T15:05:51.0804973Z,Pipeline,ApplyFilters_full,41.344,8477384,8551040,73656,0,0,0
2026-01-13T15:05:51.1305677Z,Pipeline,FullPass,91.456,8477384,8551040,73656,0,0,0
2026-01-13T15:05:51.1568354Z,Pipeline,Total,254.994,8419928,8600160,180232,0,0,0
2026-01-13T15:05:51.2394015Z,Pipeline,ApplyFilters_preview,88.150,8551040,8616480,65440,0,0,0
2026-01-13T15:05:51.2969220Z,Pipeline,PreviewPass,145.687,8551040,8664176,113136,0,0,0
2026-01-13T15:05:51.3225521Z,Pipeline,Total,171.327,8551040,8672352,121312,0,0,0
2026-01-13T15:05:51.3927167Z,Pipeline,ApplyFilters_preview,76.007,8672352,8711128,38776,0,0,0
2026-01-13T15:05:51.4418076Z,Pipeline,PreviewPass,125.112,8672352,8711128,38776,0,0,0
2026-01-13T15:05:51.4668157Z,Pipeline,Total,150.131,8672352,8768584,96232,0,0,0
2026-01-13T15:05:51.5397153Z,Pipeline,ApplyFilters_preview,78.962,8760472,8800992,40520,0,0,0
2026-01-13T15:05:51.5908098Z,Pipeline,PreviewPass,130.065,8760472,8842080,81608,0,0,0
2026-01-13T15:05:51.6166797Z,Pipeline,Total,155.953,8760472,8850264,89792,0,0,0
2026-01-13T15:05:51.6498363Z,Pipeline,ApplyFilters_preview,39.152,8842080,8850264,8184,0,0,0
2026-01-13T15:05:51.6916708Z,Pipeline,PreviewPass,81.004,8842080,8899544,57464,0,0,0
2026-01-13T15:05:51.7510212Z,Pipeline,ApplyFilters_full,38.563,8899544,8907768,8224,0,0,0
2026-01-13T15:05:51.8021708Z,Pipeline,FullPass,89.765,8899544,8978560,79016,0,0,0
2026-01-13T15:05:51.8285579Z,Pipeline,Total,217.899,8842080,8986704,144624,0,0,0
2026-01-13T15:05:51.8814863Z,Pipeline,ApplyFilters_preview,58.595,8986704,9052424,65720,0,0,0
2026-01-13T15:05:51.9197677Z,Pipeline,PreviewPass,96.901,8986704,9060568,73864,0,0,0
2026-01-13T15:05:51.9768017Z,Pipeline,ApplyFilters_full,35.635,9060568,9076720,16152,0,0,0
2026-01-13T15:05:52.0264328Z,Pipeline,FullPass,85.297,9060568,9134256,73688,0,0,0
2026-01-13T15:05:52.0527729Z,Pipeline,Total,229.908,8986704,9142424,155720,0,0,0
2026-01-13T15:05:52.0840218Z,Pipeline,ApplyFilters_preview,36.476,9142424,9183464,41040,0,0,0
2026-01-13T15:05:52.1261075Z,Pipeline,PreviewPass,78.582,9142424,9183464,41040,0,0,0
2026-01-13T15:05:52.1848767Z,Pipeline,ApplyFilters_full,35.348,9191688,9199912,8224,0,0,0
2026-01-13T15:05:52.2334863Z,Pipeline,FullPass,84.029,9183464,9265600,82136,0,0,0
2026-01-13T15:05:52.2604928Z,Pipeline,Total,212.971,9142424,9273776,131352,0,0,0
2026-01-13T15:05:52.2942318Z,Pipeline,ApplyFilters_preview,39.713,9265600,9313984,48384,0,0,0
2026-01-13T15:05:52.3371269Z,Pipeline,PreviewPass,82.630,9265600,9322160,56560,0,0,0
2026-01-13T15:05:52.3973566Z,Pipeline,ApplyFilters_full,36.406,9322160,9396144,73984,0,0,0
2026-01-13T15:05:52.4449432Z,Pipeline,FullPass,84.020,9322160,9404320,82160,0,0,0
2026-01-13T15:05:52.4713990Z,Pipeline,Total,216.906,9265600,9404320,138720,0,0,0
2026-01-13T15:05:52.5580357Z,Pipeline,ApplyFilters_preview,92.730,9404320,9461552,57232,0,0,0
2026-01-13T15:05:52.6066370Z,Pipeline,PreviewPass,141.356,9404320,9568400,164080,0,0,0
2026-01-13T15:05:52.6652760Z,Pipeline,ApplyFilters_full,38.813,9568400,9584848,16448,0,0,0
2026-01-13T15:05:52.7138185Z,Pipeline,FullPass,87.386,9568400,9658200,89800,0,0,0
2026-01-13T15:05:52.7367581Z,Pipeline,Total,271.481,9404320,9666376,262056,0,0,0
2026-01-13T15:05:52.8117856Z,Pipeline,ApplyFilters_preview,80.344,9658200,9690984,32784,0,0,0
2026-01-13T15:05:52.8636707Z,Pipeline,PreviewPass,132.245,9658200,9699152,40952,0,0,0
2026-01-13T15:05:52.8915505Z,Pipeline,Total,160.113,9658200,9755528,97328,0,0,0
2026-01-13T15:05:52.9774006Z,Pipeline,ApplyFilters_preview,91.955,9755528,9780016,24488,0,0,0
2026-01-13T15:05:53.0318855Z,Pipeline,PreviewPass,146.460,9755528,9843752,88224,0,0,0
2026-01-13T15:05:53.0568775Z,Pipeline,Total,171.455,9755528,9851672,96144,0,0,0
2026-01-13T15:05:53.1313139Z,Pipeline,ApplyFilters_preview,80.670,9851672,9916344,64672,0,0,0
2026-01-13T15:05:53.1804279Z,Pipeline,PreviewPass,129.805,9851672,9916344,64672,0,0,0
2026-01-13T15:05:53.2071919Z,Pipeline,Total,156.574,9851672,9963616,111944,0,0,0
2026-01-13T15:05:53.2843287Z,Pipeline,ApplyFilters_preview,85.008,9955456,9979912,24456,0,0,0
2026-01-13T15:05:53.3367606Z,Pipeline,PreviewPass,137.494,9955456,10027616,72160,0,0,0
2026-01-13T15:05:53.3679702Z,Pipeline,Total,168.714,9955456,10036648,81192,0,0,0
2026-01-13T15:05:53.4435533Z,Pipeline,ApplyFilters_preview,82.252,10028448,10077664,49216,0,0,0
2026-01-13T15:05:53.4924339Z,Pipeline,PreviewPass,131.156,10027616,10077664,50048,0,0,0
2026-01-13T15:05:53.5176428Z,Pipeline,Total,156.369,10027616,10126896,99280,0,0,0
2026-01-13T15:05:53.6089677Z,Pipeline,ApplyFilters_preview,96.543,10126896,10146632,19736,0,0,0
2026-01-13T15:05:53.6632755Z,Pipeline,PreviewPass,150.881,10126896,10208232,81336,0,0,0
2026-01-13T15:05:53.6884860Z,Pipeline,Total,176.093,10126896,10216408,89512,0,0,0
2026-01-13T15:05:53.7593473Z,Pipeline,ApplyFilters_preview,76.258,10216408,10257360,40952,0,0,0
2026-01-13T15:05:53.8085454Z,Pipeline,PreviewPass,125.480,10216408,10265392,48984,0,0,0
2026-01-13T15:05:53.8360517Z,Pipeline,Total,152.987,10216408,8292296,-1924112,1,1,0
2026-01-13T15:05:53.8711053Z,Pipeline,ApplyFilters_preview,41.797,8284072,8292296,8224,0,0,0
2026-01-13T15:05:53.9139689Z,Pipeline,PreviewPass,86.925,10305352,8365320,-1940032,1,1,0
2026-01-13T15:05:53.9728584Z,Pipeline,ApplyFilters_full,36.875,8365320,8381744,16424,0,0,0
2026-01-13T15:05:54.0230148Z,Pipeline,FullPass,87.055,8365320,8444808,79488,0,0,0
2026-01-13T15:05:54.0487242Z,Pipeline,Total,221.678,10305352,8452800,-1852552,1,1,0
2026-01-13T15:05:54.1097959Z,Pipeline,ApplyFilters_preview,66.527,8444808,8510304,65496,0,0,0
2026-01-13T15:05:54.1493785Z,Pipeline,PreviewPass,106.123,8444808,8524000,79192,0,0,0
2026-01-13T15:05:54.2102912Z,Pipeline,ApplyFilters_full,38.021,8524000,8540448,16448,0,0,0
2026-01-13T15:05:54.2593039Z,Pipeline,FullPass,87.072,8524000,8606136,82136,0,0,0
2026-01-13T15:05:54.2891777Z,Pipeline,Total,245.934,8444808,8606136,161328,0,0,0
2026-01-13T15:05:54.3627736Z,Pipeline,ApplyFilters_preview,79.562,8606136,8655176,49040,0,0,0
2026-01-13T15:05:54.4154726Z,Pipeline,PreviewPass,132.288,8606136,8655176,49040,0,0,0
2026-01-13T15:05:54.4422666Z,Pipeline,Total,159.087,8606136,8712608,106472,0,0,0
2026-01-13T15:05:54.5135519Z,Pipeline,ApplyFilters_preview,77.077,8712608,8720832,8224,0,0,0
2026-01-13T15:05:54.5645582Z,Pipeline,PreviewPass,128.103,8712608,8758176,45568,0,0,0
2026-01-13T15:05:54.5886249Z,Pipeline,Total,152.174,8712608,8766216,53608,0,0,0
2026-01-13T15:05:54.6606825Z,Pipeline,ApplyFilters_preview,77.634,8758176,8829496,71320,0,0,0
2026-01-13T15:05:54.7134163Z,Pipeline,PreviewPass,130.407,8758176,8837720,79544,0,0,0
2026-01-13T15:05:54.7368959Z,Pipeline,Total,153.893,8758176,8875184,117008,0,0,0
2026-01-13T15:05:54.8094658Z,Pipeline,ApplyFilters_preview,77.923,8875184,8899696,24512,0,0,0
2026-01-13T15:05:54.8596375Z,Pipeline,PreviewPass,128.247,8875184,8947624,72440,0,0,0
2026-01-13T15:05:54.8857659Z,Pipeline,Total,154.383,8875184,8955776,80592,0,0,0
2026-01-13T15:05:54.9636773Z,Pipeline,ApplyFilters_preview,83.504,8947624,9004840,57216,0,0,0
2026-01-13T15:05:55.0151261Z,Pipeline,PreviewPass,134.974,8947624,9004840,57216,0,0,0
2026-01-13T15:05:55.0421628Z,Pipeline,Total,162.013,8947624,9045776,98152,0,0,0
2026-01-13T15:05:55.1134748Z,Pipeline,ApplyFilters_preview,76.968,9037584,9061904,24320,0,0,0
2026-01-13T15:05:55.1686672Z,Pipeline,PreviewPass,132.201,9037584,9110768,73184,0,0,0
2026-01-13T15:05:55.1962665Z,Pipeline,Total,159.800,9037584,9127152,89568,0,0,0
2026-01-13T15:05:55.2687126Z,Pipeline,ApplyFilters_preview,78.725,9110768,9168248,57480,0,0,0
2026-01-13T15:05:55.3192272Z,Pipeline,PreviewPass,129.261,9110768,9176448,65680,0,0,0
2026-01-13T15:05:55.3478732Z,Pipeline,Total,157.909,9110768,9224600,113832,0,0,0
2026-01-13T15:05:55.3992696Z,Pipeline,ApplyFilters_preview,56.627,9224600,9240696,16096,0,0,0
2026-01-13T15:05:55.4420678Z,Pipeline,PreviewPass,99.434,9224600,9306360,81760,0,0,0
2026-01-13T15:05:55.4972522Z,Pipeline,ApplyFilters_full,34.207,9306360,9314584,8224,0,0,0
2026-01-13T15:05:55.5455923Z,Pipeline,FullPass,82.584,9306360,9377776,71416,0,0,0
2026-01-13T15:05:55.5738838Z,Pipeline,Total,231.262,9224600,9385976,161376,0,0,0
2026-01-13T15:05:55.6700253Z,Pipeline,ApplyFilters_preview,102.075,9385976,9427016,41040,0,0,0
2026-01-13T15:05:55.7202950Z,Pipeline,PreviewPass,152.362,9385976,9427016,41040,0,0,0
2026-01-13T15:05:55.7448629Z,Pipeline,Total,176.935,9385976,9517416,131440,0,0,0
2026-01-13T15:05:55.7780278Z,Pipeline,ApplyFilters_preview,38.434,9509256,9517416,8160,0,0,0
2026-01-13T15:05:55.8219821Z,Pipeline,PreviewPass,82.409,9509256,9588832,79576,0,0,0
2026-01-13T15:05:55.8805527Z,Pipeline,ApplyFilters_full,37.291,9588832,9597008,8176,0,0,0
2026-01-13T15:05:55.9331670Z,Pipeline,FullPass,89.938,9588832,9605232,16400,0,0,0
2026-01-13T15:05:55.9593764Z,Pipeline,Total,219.806,9509256,9654544,145288,0,0,0
2026-01-13T15:05:56.0141722Z,Pipeline,ApplyFilters_preview,61.145,9654544,9662720,8176,0,0,0
2026-01-13T15:05:56.0549039Z,Pipeline,PreviewPass,101.884,9654544,9732944,78400,0,0,0
2026-01-13T15:05:56.1281517Z,Pipeline,ApplyFilters_full,51.122,9732944,9748584,15640,0,0,0
2026-01-13T15:05:56.1855946Z,Pipeline,FullPass,108.590,9732944,9810976,78032,0,0,0
2026-01-13T15:05:56.2171159Z,Pipeline,Total,264.113,9654544,9810976,156432,0,0,0
2026-01-13T15:05:56.2506072Z,Pipeline,ApplyFilters_preview,39.242,9810976,9866152,55176,0,0,0
2026-01-13T15:05:56.2919281Z,Pipeline,PreviewPass,80.585,9810976,9866152,55176,0,0,0
2026-01-13T15:05:56.3477093Z,Pipeline,ApplyFilters_full,36.331,9874376,9944112,69736,0,0,0
2026-01-13T15:05:56.3932882Z,Pipeline,FullPass,81.952,9866152,9944112,77960,0,0,0
2026-01-13T15:05:56.4154209Z,Pipeline,Total,204.069,9810976,9944112,133136,0,0,0
2026-01-13T15:05:56.6796913Z,Pipeline,ApplyFilters_preview,53.988,10188696,10327608,138912,0,0,0
2026-01-13T15:05:56.7304496Z,Pipeline,PreviewPass,104.762,10188696,10327608,138912,0,0,0
2026-01-13T15:05:56.7581465Z,Pipeline,Total,132.464,10188696,8364200,-1824496,1,1,0
2026-01-13T15:05:56.7898930Z,Pipeline,ApplyFilters_preview,37.913,8355976,8372344,16368,0,0,0
2026-01-13T15:05:56.8430137Z,Pipeline,PreviewPass,91.049,8355976,8448952,92976,0,0,0
2026-01-13T15:05:56.8973954Z,Pipeline,ApplyFilters_full,35.305,8457096,8465320,8224,0,0,0
2026-01-13T15:05:56.9473073Z,Pipeline,FullPass,85.274,8457096,8465320,8224,0,0,0
2026-01-13T15:05:56.9739010Z,Pipeline,Total,221.941,8355976,8522496,166520,0,0,0
2026-01-13T15:05:57.0695670Z,Pipeline,ApplyFilters_preview,101.802,8522496,8586952,64456,0,0,0
2026-01-13T15:05:57.1199823Z,Pipeline,PreviewPass,152.242,8522496,8586952,64456,0,0,0
2026-01-13T15:05:57.1462549Z,Pipeline,Total,178.518,8514352,8652576,138224,0,0,0
2026-01-13T15:05:57.1799619Z,Pipeline,ApplyFilters_preview,39.186,8586952,8660744,73792,0,0,0
2026-01-13T15:05:57.2214462Z,Pipeline,PreviewPass,80.685,8586952,8677080,90128,0,0,0
2026-01-13T15:05:57.3108049Z,Pipeline,ApplyFilters_full,66.418,8677080,8747904,70824,0,0,0
2026-01-13T15:05:57.3616295Z,Pipeline,FullPass,117.264,8677080,8755632,78552,0,0,0
2026-01-13T15:05:57.3868407Z,Pipeline,Total,246.089,8586952,8829608,242656,0,0,0
2026-01-13T15:05:57.4172147Z,Pipeline,ApplyFilters_preview,36.501,8829608,8845928,16320,0,0,0
2026-01-13T15:05:57.4615299Z,Pipeline,PreviewPass,80.839,8829608,8870440,40832,0,0,0
2026-01-13T15:05:57.5181757Z,Pipeline,ApplyFilters_full,35.199,8878592,8886816,8224,0,0,0
2026-01-13T15:05:57.5668402Z,Pipeline,FullPass,83.934,8870440,8894008,23568,0,0,0
2026-01-13T15:05:57.5926823Z,Pipeline,Total,211.993,8829608,8959464,129856,0,0,0
2026-01-13T15:05:57.6820107Z,Pipeline,ApplyFilters_preview,95.954,8951576,9004976,53400,0,0,0
2026-01-13T15:05:57.7323655Z,Pipeline,PreviewPass,146.486,8951576,9013168,61592,0,0,0
2026-01-13T15:05:57.7562042Z,Pipeline,Total,170.327,8951576,9062352,110776,0,0,0
2026-01-13T15:05:57.8250136Z,Pipeline,ApplyFilters_preview,74.251,9013168,9078544,65376,0,0,0
2026-01-13T15:05:57.8761290Z,Pipeline,PreviewPass,125.387,9013168,9119640,106472,0,0,0
2026-01-13T15:05:57.9044846Z,Pipeline,Total,153.751,9013168,9127832,114664,0,0,0
2026-01-13T15:05:57.9761432Z,Pipeline,ApplyFilters_preview,76.965,9127832,9176440,48608,0,0,0
2026-01-13T15:05:58.0297852Z,Pipeline,PreviewPass,130.626,9127832,9176440,48608,0,0,0
2026-01-13T15:05:58.0563893Z,Pipeline,Total,157.234,9127832,9191736,63904,0,0,0
2026-01-13T15:05:58.1269910Z,Pipeline,ApplyFilters_preview,76.462,9184584,9265496,80912,0,0,0
2026-01-13T15:05:58.1804064Z,Pipeline,PreviewPass,129.904,9176440,9311032,134592,0,0,0
2026-01-13T15:05:58.2074500Z,Pipeline,Total,156.951,9176440,9311032,134592,0,0,0
2026-01-13T15:05:58.2796140Z,Pipeline,ApplyFilters_preview,79.546,9311032,9375464,64432,0,0,0
2026-01-13T15:05:58.3330312Z,Pipeline,PreviewPass,132.982,9311032,9375464,64432,0,0,0
2026-01-13T15:05:58.3572914Z,Pipeline,Total,157.245,9311032,9383664,72632,0,0,0
2026-01-13T15:05:58.3902280Z,Pipeline,ApplyFilters_preview,38.499,9383664,9424624,40960,0,0,0
2026-01-13T15:05:58.4324088Z,Pipeline,PreviewPass,80.678,9383664,9432848,49184,0,0,0
2026-01-13T15:05:58.4852019Z,Pipeline,ApplyFilters_full,34.525,9432848,9486896,54048,0,0,0
2026-01-13T15:05:58.5407827Z,Pipeline,FullPass,90.005,9432848,9495064,62216,0,0,0
2026-01-13T15:05:58.5657612Z,Pipeline,Total,214.055,9383664,9528360,144696,0,0,0
2026-01-13T15:05:58.6347756Z,Pipeline,ApplyFilters_preview,74.729,9495064,9536552,41488,0,0,0
2026-01-13T15:05:58.6863172Z,Pipeline,PreviewPass,126.435,9495064,9584784,89720,0,0,0
2026-01-13T15:05:58.7155952Z,Pipeline,Total,155.716,9495064,9592960,97896,0,0,0
2026-01-13T15:05:58.7509967Z,Pipeline,ApplyFilters_preview,40.487,9592960,9609304,16344,0,0,0
2026-01-13T15:05:58.7900039Z,Pipeline,PreviewPass,79.507,9592960,9642104,49144,0,0,0
2026-01-13T15:05:58.8453933Z,Pipeline,ApplyFilters_full,35.726,9645744,9653928,8184,0,0,0
2026-01-13T15:05:58.8931953Z,Pipeline,FullPass,83.591,9642104,9714128,72024,0,0,0
2026-01-13T15:05:58.9193594Z,Pipeline,Total,208.869,9584784,9714128,129344,0,0,0
2026-01-13T15:05:59.0348761Z,Pipeline,ApplyFilters_preview,121.218,9714128,9758112,43984,0,0,0
2026-01-13T15:05:59.0915942Z,Pipeline,PreviewPass,177.956,9714128,9766304,52176,0,0,0
2026-01-13T15:05:59.1185599Z,Pipeline,Total,204.925,9714128,9850848,136720,0,0,0
2026-01-13T15:05:59.1989308Z,Pipeline,ApplyFilters_preview,86.204,9842688,9926608,83920,0,0,0
2026-01-13T15:05:59.2519932Z,Pipeline,PreviewPass,139.384,9842688,9926608,83920,0,0,0
2026-01-13T15:05:59.2809708Z,Pipeline,Total,168.364,9842688,9969720,127032,0,0,0
2026-01-13T15:05:59.3547909Z,Pipeline,ApplyFilters_preview,79.948,9934776,9986096,51320,0,0,0
2026-01-13T15:05:59.4110849Z,Pipeline,PreviewPass,136.263,9926608,10028936,102328,0,0,0
2026-01-13T15:05:59.4388621Z,Pipeline,Total,164.048,9926608,10037088,110480,0,0,0
2026-01-13T15:05:59.4719159Z,Pipeline,ApplyFilters_preview,39.217,10028936,10045312,16376,0,0,0
2026-01-13T15:05:59.5151291Z,Pipeline,PreviewPass,82.451,10028936,10099352,70416,0,0,0
2026-01-13T15:05:59.5725106Z,Pipeline,ApplyFilters_full,36.523,10099352,10107576,8224,0,0,0
2026-01-13T15:05:59.6258517Z,Pipeline,FullPass,89.894,10099352,10155656,56304,0,0,0
2026-01-13T15:05:59.6520023Z,Pipeline,Total,219.327,10028936,10162192,133256,0,0,0
2026-01-13T15:05:59.7622116Z,Pipeline,ApplyFilters_preview,115.722,10162192,10193264,31072,0,0,0
2026-01-13T15:05:59.8160983Z,Pipeline,PreviewPass,169.501,10162192,10282336,120144,0,0,0
2026-01-13T15:05:59.8406051Z,Pipeline,Total,194.156,10162192,10290520,128328,0,0,0
2026-01-13T15:05:59.9115268Z,Pipeline,ApplyFilters_preview,76.352,10290520,10334720,44200,0,0,0
2026-01-13T15:05:59.9607986Z,Pipeline,PreviewPass,125.645,10290520,10334720,44200,0,0,0
2026-01-13T15:05:59.9851716Z,Pipeline,Total,150.022,10290520,10342944,52424,0,0,0
2026-01-13T15:06:00.0244991Z,Pipeline,ApplyFilters_preview,45.164,10334720,8411328,-1923392,1,1,0
2026-01-13T15:06:00.0657809Z,Pipeline,PreviewPass,86.477,10334720,8411328,-1923392,1,1,0
2026-01-13T15:06:00.1695270Z,Pipeline,ApplyFilters_full,83.611,8419504,8496624,77120,0,0,0
2026-01-13T15:06:00.2273318Z,Pipeline,FullPass,141.445,8419504,8574112,154608,0,0,0
2026-01-13T15:06:00.2548912Z,Pipeline,Total,275.589,10334720,8582272,-1752448,1,1,0
2026-01-13T15:06:00.2872005Z,Pipeline,ApplyFilters_preview,38.228,8574112,8613776,39664,0,0,0
2026-01-13T15:06:00.3276827Z,Pipeline,PreviewPass,78.743,8574112,8654736,80624,0,0,0
2026-01-13T15:06:00.3803888Z,Pipeline,ApplyFilters_full,34.215,8654736,8662960,8224,0,0,0
2026-01-13T15:06:00.4244784Z,Pipeline,FullPass,78.340,8654736,8737568,82832,0,0,0
2026-01-13T15:06:00.4452714Z,Pipeline,Total,196.327,8574112,8737568,163456,0,0,0
2026-01-13T15:06:00.6787104Z,Pipeline,ApplyFilters_preview,13.087,9055768,9063992,8224,0,0,0
2026-01-13T15:06:00.7190672Z,Pipeline,PreviewPass,53.461,9055768,9173608,117840,0,0,0
2026-01-13T15:06:00.8038324Z,Pipeline,ApplyFilters_full,64.424,9173608,9200816,27208,0,0,0
2026-01-13T15:06:00.8561487Z,Pipeline,FullPass,116.776,9173608,9273648,100040,0,0,0
2026-01-13T15:06:00.8808178Z,Pipeline,Total,215.210,9055768,9281824,226056,0,0,0
2026-01-13T15:06:00.9523180Z,Pipeline,ApplyFilters_preview,77.526,9273648,9317248,43600,0,0,0
2026-01-13T15:06:01.0010857Z,Pipeline,PreviewPass,126.313,9273648,9317248,43600,0,0,0
2026-01-13T15:06:01.0254265Z,Pipeline,Total,150.657,9273648,9379080,105432,0,0,0
2026-01-13T15:06:01.1022087Z,Pipeline,ApplyFilters_preview,82.807,9379080,9395472,16392,0,0,0
2026-01-13T15:06:01.1577729Z,Pipeline,PreviewPass,138.395,9379080,9441816,62736,0,0,0
2026-01-13T15:06:01.1854058Z,Pipeline,Total,166.031,9370888,9450016,79128,0,0,0
2026-01-13T15:06:01.2916193Z,Pipeline,ApplyFilters_preview,111.635,9450016,9526432,76416,0,0,0
2026-01-13T15:06:01.3423025Z,Pipeline,PreviewPass,162.340,9450016,9581384,131368,0,0,0
2026-01-13T15:06:01.3679529Z,Pipeline,Total,188.004,9450016,9589552,139536,0,0,0
2026-01-13T15:06:01.4425220Z,Pipeline,ApplyFilters_preview,80.736,9589552,9630560,41008,0,0,0
2026-01-13T15:06:01.4975085Z,Pipeline,PreviewPass,135.749,9581384,9638728,57344,0,0,0
2026-01-13T15:06:01.5233736Z,Pipeline,Total,161.549,9581384,9689192,107808,0,0,0
2026-01-13T15:06:01.5966901Z,Pipeline,ApplyFilters_preview,78.701,9680992,9705560,24568,0,0,0
2026-01-13T15:06:01.6454981Z,Pipeline,PreviewPass,127.529,9680992,9746512,65520,0,0,0
2026-01-13T15:06:01.6745727Z,Pipeline,Total,156.613,9680992,9762640,81648,0,0,0
2026-01-13T15:06:01.8494740Z,Pipeline,ApplyFilters_preview,181.695,9754712,9944000,189288,0,0,0
2026-01-13T15:06:01.9003765Z,Pipeline,PreviewPass,232.492,9754712,9944000,189288,0,0,0
2026-01-13T15:06:01.9304188Z,Pipeline,Total,262.772,9754712,9991048,236336,0,0,0
2026-01-13T15:06:01.9948704Z,Pipeline,ApplyFilters_preview,70.482,9991048,9999216,8168,0,0,0
2026-01-13T15:06:02.0354800Z,Pipeline,PreviewPass,111.123,9991048,10080592,89544,0,0,0
2026-01-13T15:06:02.1087677Z,Pipeline,ApplyFilters_full,54.280,10088720,10096944,8224,0,0,0
2026-01-13T15:06:02.1543879Z,Pipeline,FullPass,99.942,10080592,10186944,106352,0,0,0
2026-01-13T15:06:02.1770593Z,Pipeline,Total,252.678,9991048,10186944,195896,0,0,0
2026-01-13T15:06:02.3633369Z,Pipeline,ApplyFilters_preview,66.663,10266464,10411200,144736,0,0,0
2026-01-13T15:06:02.4137933Z,Pipeline,PreviewPass,117.138,10266464,10419368,152904,0,0,0
2026-01-13T15:06:02.4427810Z,Pipeline,Total,146.129,10266464,8447168,-1819296,1,1,0
2026-01-13T15:06:02.5257196Z,Pipeline,ApplyFilters_preview,88.865,8430720,8471744,41024,0,0,0
2026-01-13T15:06:02.5797328Z,Pipeline,PreviewPass,142.909,8430720,8543848,113128,0,0,0
2026-01-13T15:06:02.6036721Z,Pipeline,Total,166.854,8430720,8552048,121328,0,0,0
2026-01-13T15:06:02.6892042Z,Pipeline,ApplyFilters_preview,90.902,8552048,8625944,73896,0,0,0
2026-01-13T15:06:02.7378910Z,Pipeline,PreviewPass,139.701,8543848,8625944,82096,0,0,0
2026-01-13T15:06:02.7617709Z,Pipeline,Total,163.587,8543848,8680632,136784,0,0,0
2026-01-13T15:06:02.8457687Z,Pipeline,ApplyFilters_preview,90.005,8680632,8696888,16256,0,0,0
2026-01-13T15:06:02.8970087Z,Pipeline,PreviewPass,141.284,8680632,8761896,81264,0,0,0
2026-01-13T15:06:02.9226931Z,Pipeline,Total,166.969,8680632,8770096,89464,0,0,0
2026-01-13T15:06:03.0047125Z,Pipeline,ApplyFilters_preview,87.323,8761896,8811136,49240,0,0,0
2026-01-13T15:06:03.0546963Z,Pipeline,PreviewPass,137.329,8761896,8860392,98496,0,0,0
2026-01-13T15:06:03.0804839Z,Pipeline,Total,163.124,8761896,8860392,98496,0,0,0
2026-01-13T15:06:03.1611916Z,Pipeline,ApplyFilters_preview,86.833,8860392,8925664,65272,0,0,0
2026-01-13T15:06:03.2186860Z,Pipeline,PreviewPass,144.352,8860392,8933416,73024,0,0,0
2026-01-13T15:06:03.2447312Z,Pipeline,Total,170.401,8860392,8973248,112856,0,0,0
2026-01-13T15:06:03.3252350Z,Pipeline,ApplyFilters_preview,86.054,8973248,8989600,16352,0,0,0
2026-01-13T15:06:03.3749075Z,Pipeline,PreviewPass,135.755,8973248,9047072,73824,0,0,0
2026-01-13T15:06:03.3984410Z,Pipeline,Total,159.293,8973248,9055248,82000,0,0,0
2026-01-13T15:06:03.4800775Z,Pipeline,ApplyFilters_preview,86.874,9055248,9104432,49184,0,0,0
2026-01-13T15:06:03.5304139Z,Pipeline,PreviewPass,137.232,9055248,9104432,49184,0,0,0
2026-01-13T15:06:03.5586208Z,Pipeline,Total,165.432,9055248,9161272,106024,0,0,0
2026-01-13T15:06:03.6374793Z,Pipeline,ApplyFilters_preview,85.192,9161272,9177584,16312,0,0,0
2026-01-13T15:06:03.6924134Z,Pipeline,PreviewPass,140.150,9161272,9235080,73808,0,0,0
2026-01-13T15:06:03.7205992Z,Pipeline,Total,168.341,9161272,9243216,81944,0,0,0
2026-01-13T15:06:03.8004614Z,Pipeline,ApplyFilters_preview,85.153,9243216,9300192,56976,0,0,0
2026-01-13T15:06:03.8593423Z,Pipeline,PreviewPass,144.080,9243216,9308360,65144,0,0,0
2026-01-13T15:06:03.8848764Z,Pipeline,Total,169.616,9243216,9364544,121328,0,0,0
2026-01-13T15:06:03.9660001Z,Pipeline,ApplyFilters_preview,87.361,9364544,9380408,15864,0,0,0
2026-01-13T15:06:04.0167678Z,Pipeline,PreviewPass,138.155,9356368,9429752,73384,0,0,0
2026-01-13T15:06:04.0410578Z,Pipeline,Total,162.447,9356368,9437776,81408,0,0,0
2026-01-13T15:06:04.1234355Z,Pipeline,ApplyFilters_preview,87.979,9429752,9478584,48832,0,0,0
2026-01-13T15:06:04.1799412Z,Pipeline,PreviewPass,144.509,9429752,9527512,97760,0,0,0
2026-01-13T15:06:04.2082616Z,Pipeline,Total,172.833,9429752,9543816,114064,0,0,0
2026-01-13T15:06:04.3138104Z,Pipeline,ApplyFilters_preview,112.320,9535672,9609424,73752,0,0,0
2026-01-13T15:06:04.3630481Z,Pipeline,PreviewPass,161.581,9535672,9609424,73752,0,0,0
2026-01-13T15:06:04.3882209Z,Pipeline,Total,186.651,9535672,9664768,129096,0,0,0
2026-01-13T15:06:04.4907428Z,Pipeline,ApplyFilters_preview,109.025,9664768,9752184,87416,0,0,0
2026-01-13T15:06:04.5446326Z,Pipeline,PreviewPass,162.945,9656568,9752184,95616,0,0,0
2026-01-13T15:06:04.5699497Z,Pipeline,Total,188.267,9656568,9801224,144656,0,0,0
2026-01-13T15:06:04.6488278Z,Pipeline,ApplyFilters_preview,84.143,9793304,9827904,34600,0,0,0
2026-01-13T15:06:04.6998968Z,Pipeline,PreviewPass,135.255,9793304,9868864,75560,0,0,0
2026-01-13T15:06:04.7285065Z,Pipeline,Total,163.869,9793304,9877008,83704,0,0,0
2026-01-13T15:06:04.8065841Z,Pipeline,ApplyFilters_preview,84.001,9868864,9926240,57376,0,0,0
2026-01-13T15:06:04.8588857Z,Pipeline,PreviewPass,136.324,9868864,9926240,57376,0,0,0
2026-01-13T15:06:04.8834650Z,Pipeline,Total,160.910,9868864,9982112,113248,0,0,0
2026-01-13T15:06:04.9633785Z,Pipeline,ApplyFilters_preview,85.952,9982112,10006640,24528,0,0,0
2026-01-13T15:06:05.0126739Z,Pipeline,PreviewPass,135.263,9982112,10068160,86048,0,0,0
2026-01-13T15:06:05.0381454Z,Pipeline,Total,160.742,9982112,10068160,86048,0,0,0
2026-01-13T15:06:05.1169217Z,Pipeline,ApplyFilters_preview,84.790,10068160,10123664,55504,0,0,0
2026-01-13T15:06:05.1762243Z,Pipeline,PreviewPass,144.116,10068160,10123664,55504,0,0,0
2026-01-13T15:06:05.2047620Z,Pipeline,Total,172.661,10068160,10179840,111680,0,0,0
2026-01-13T15:06:05.2866011Z,Pipeline,ApplyFilters_preview,87.871,10179840,10242448,62608,0,0,0
2026-01-13T15:06:05.3379907Z,Pipeline,PreviewPass,139.131,10179840,10242448,62608,0,0,0
2026-01-13T15:06:05.3644058Z,Pipeline,Total,165.707,10179840,10250584,70744,0,0,0
2026-01-13T15:06:05.4196738Z,Pipeline,ApplyFilters_preview,60.943,10250584,10303040,52456,0,0,0
2026-01-13T15:06:05.4588347Z,Pipeline,PreviewPass,100.129,10250584,10303040,52456,0,0,0
2026-01-13T15:06:05.5352928Z,Pipeline,ApplyFilters_full,55.446,10366944,10375144,8200,0,0,0
2026-01-13T15:06:05.5777059Z,Pipeline,FullPass,97.891,10366944,8526000,-1840944,1,1,0
2026-01-13T15:06:05.5970977Z,Pipeline,Total,238.389,10250584,8526000,-1724584,1,1,0
2026-01-13T15:06:05.9962631Z,Pipeline,ApplyFilters_preview,65.996,9047952,9212240,164288,0,0,0
2026-01-13T15:06:06.0447864Z,Pipeline,PreviewPass,114.535,9047952,9212240,164288,0,0,0
2026-01-13T15:06:06.0714332Z,Pipeline,Total,141.183,9047952,9220368,172416,0,0,0
2026-01-13T15:06:06.1525887Z,Pipeline,ApplyFilters_preview,87.660,9220368,9294192,73824,0,0,0
2026-01-13T15:06:06.2105976Z,Pipeline,PreviewPass,145.696,9220368,9327048,106680,0,0,0
2026-01-13T15:06:06.2364457Z,Pipeline,Total,171.548,9220368,9368136,147768,0,0,0
2026-01-13T15:06:06.3302543Z,Pipeline,ApplyFilters_preview,99.685,9359944,9449976,90032,0,0,0
2026-01-13T15:06:06.4023540Z,Pipeline,PreviewPass,171.807,9359944,9458136,98192,0,0,0
2026-01-13T15:06:06.4412272Z,Pipeline,Total,210.683,9359944,9489504,129560,0,0,0
2026-01-13T15:06:06.5239376Z,Pipeline,ApplyFilters_preview,91.758,9489504,9547264,57760,0,0,0
2026-01-13T15:06:06.5972123Z,Pipeline,PreviewPass,165.056,9489504,9604808,115304,0,0,0
2026-01-13T15:06:06.7070323Z,Pipeline,ApplyFilters_full,65.656,9612960,9711280,98320,0,0,0
2026-01-13T15:06:06.8005402Z,Pipeline,FullPass,159.201,9604808,9777016,172208,0,0,0
2026-01-13T15:06:06.8449418Z,Pipeline,Total,412.782,9489504,9777016,287512,0,0,0
2026-01-13T15:06:06.9328361Z,Pipeline,ApplyFilters_preview,26.502,9840432,9840432,0,0,0,0
2026-01-13T15:06:06.9764579Z,Pipeline,PreviewPass,70.138,9840432,9852464,12032,0,0,0
2026-01-13T15:06:07.0901441Z,Pipeline,ApplyFilters_full,93.223,9925512,9950112,24600,0,0,0
2026-01-13T15:06:07.1453539Z,Pipeline,FullPass,148.467,9925512,10034696,109184,0,0,0
2026-01-13T15:06:07.1731644Z,Pipeline,Total,266.813,9840432,10042896,202464,0,0,0
2026-01-13T15:06:07.3272725Z,Pipeline,ApplyFilters_preview,160.032,10034696,10242016,207320,0,0,0
2026-01-13T15:06:07.3856750Z,Pipeline,PreviewPass,218.473,10034696,10250136,215440,0,0,0
2026-01-13T15:06:07.4134711Z,Pipeline,Total,246.273,10034696,10297592,262896,0,0,0
2026-01-13T15:06:07.5004177Z,Pipeline,ApplyFilters_preview,93.204,10289408,10322200,32792,0,0,0
2026-01-13T15:06:07.5527522Z,Pipeline,PreviewPass,145.685,10289408,10372096,82688,0,0,0
2026-01-13T15:06:07.5798615Z,Pipeline,Total,172.801,10289408,10380264,90856,0,0,0
2026-01-13T15:06:07.6659662Z,Pipeline,ApplyFilters_preview,93.181,10372096,10443984,71888,0,0,0
2026-01-13T15:06:07.7193384Z,Pipeline,PreviewPass,146.581,10372096,10457648,85552,0,0,0
2026-01-13T15:06:07.7447629Z,Pipeline,Total,172.010,10372096,10498768,126672,0,0,0
2026-01-13T15:06:07.8254413Z,Pipeline,ApplyFilters_preview,87.193,10498768,8522328,-1976440,1,1,0
2026-01-13T15:06:07.8782453Z,Pipeline,PreviewPass,140.027,10498768,8522328,-1976440,1,1,0
2026-01-13T15:06:07.9078961Z,Pipeline,Total,169.680,10498768,8602144,-1896624,1,1,0
2026-01-13T15:06:07.9892388Z,Pipeline,ApplyFilters_preview,87.784,8530552,8610368,79816,0,0,0
2026-01-13T15:06:08.0391154Z,Pipeline,PreviewPass,137.684,8530552,8675848,145296,0,0,0
2026-01-13T15:06:08.0689451Z,Pipeline,Total,167.518,8530552,8684040,153488,0,0,0
2026-01-13T15:06:08.1667036Z,Pipeline,ApplyFilters_preview,103.636,8675848,8724440,48592,0,0,0
2026-01-13T15:06:08.2208029Z,Pipeline,PreviewPass,157.770,8675848,8724440,48592,0,0,0
2026-01-13T15:06:08.2480997Z,Pipeline,Total,185.077,8675848,8778280,102432,0,0,0
2026-01-13T15:06:08.3515169Z,Pipeline,ApplyFilters_preview,108.818,8770136,8843720,73584,0,0,0
2026-01-13T15:06:08.4020645Z,Pipeline,PreviewPass,159.394,8770136,8851904,81768,0,0,0
2026-01-13T15:06:08.4280925Z,Pipeline,Total,185.426,8770136,8901216,131080,0,0,0
2026-01-13T15:06:08.5187222Z,Pipeline,ApplyFilters_preview,91.705,8901216,8966856,65640,0,0,0
2026-01-13T15:06:08.5785266Z,Pipeline,PreviewPass,156.147,8901216,8975080,73864,0,0,0
2026-01-13T15:06:08.6037905Z,Pipeline,Total,181.426,8901216,8983208,81992,0,0,0
2026-01-13T15:06:08.6863303Z,Pipeline,ApplyFilters_preview,87.569,8983208,9039984,56776,0,0,0
2026-01-13T15:06:08.7364827Z,Pipeline,PreviewPass,137.768,8983208,9096832,113624,0,0,0
2026-01-13T15:06:08.7628685Z,Pipeline,Total,164.162,8983208,9113160,129952,0,0,0
2026-01-13T15:06:08.8443802Z,Pipeline,ApplyFilters_preview,87.299,9104984,9178728,73744,0,0,0
2026-01-13T15:06:08.8963313Z,Pipeline,PreviewPass,139.288,9104984,9178728,73744,0,0,0
2026-01-13T15:06:08.9214921Z,Pipeline,Total,164.460,9096832,9228032,131200,0,0,0
2026-01-13T15:06:09.0043853Z,Pipeline,ApplyFilters_preview,87.960,9178728,9243960,65232,0,0,0
2026-01-13T15:06:09.0564431Z,Pipeline,PreviewPass,140.039,9178728,9293272,114544,0,0,0
2026-01-13T15:06:09.0829634Z,Pipeline,Total,166.550,9178728,9301416,122688,0,0,0
2026-01-13T15:06:09.1748156Z,Pipeline,ApplyFilters_preview,97.331,9293272,9358432,65160,0,0,0
2026-01-13T15:06:09.2299877Z,Pipeline,PreviewPass,152.710,9293272,9371288,78016,0,0,0
2026-01-13T15:06:09.2557410Z,Pipeline,Total,178.465,9293272,9437768,144496,0,0,0
2026-01-13T15:06:09.3535401Z,Pipeline,ApplyFilters_preview,103.001,9429632,9506712,77080,0,0,0
2026-01-13T15:06:09.4036369Z,Pipeline,PreviewPass,153.128,9429632,9514880,85248,0,0,0
2026-01-13T15:06:09.4321181Z,Pipeline,Total,181.616,9429632,9556464,126832,0,0,0
2026-01-13T15:06:09.5121289Z,Pipeline,ApplyFilters_preview,85.119,9556464,9570664,14200,0,0,0
2026-01-13T15:06:09.5648233Z,Pipeline,PreviewPass,137.842,9556464,9624552,68088,0,0,0
2026-01-13T15:06:09.5908459Z,Pipeline,Total,163.868,9556464,9624552,68088,0,0,0
2026-01-13T15:06:09.6703343Z,Pipeline,ApplyFilters_preview,85.349,9624552,9681352,56800,0,0,0
2026-01-13T15:06:09.7224373Z,Pipeline,PreviewPass,137.498,9624552,9681352,56800,0,0,0
2026-01-13T15:06:09.7506169Z,Pipeline,Total,165.683,9624552,9734960,110408,0,0,0
2026-01-13T15:06:09.8060090Z,Pipeline,ApplyFilters_preview,60.986,9726840,9749024,22184,0,0,0
2026-01-13T15:06:09.8493575Z,Pipeline,PreviewPass,104.360,9726840,9798136,71296,0,0,0
2026-01-13T15:06:09.9377415Z,Pipeline,ApplyFilters_full,68.002,9798136,9921648,123512,0,0,0
2026-01-13T15:06:09.9811546Z,Pipeline,FullPass,111.454,9798136,9929800,131664,0,0,0
2026-01-13T15:06:09.9997388Z,Pipeline,Total,254.740,9726840,9929800,202960,0,0,0
2026-01-13T15:06:10.3843330Z,Pipeline,ApplyFilters_preview,65.246,8704848,8863760,158912,0,0,0
2026-01-13T15:06:10.4328104Z,Pipeline,PreviewPass,113.738,8704848,8863760,158912,0,0,0
2026-01-13T15:06:10.4576340Z,Pipeline,Total,138.565,8704848,8921232,216384,0,0,0
2026-01-13T15:06:10.5437868Z,Pipeline,ApplyFilters_preview,91.756,8921232,8945536,24304,0,0,0
2026-01-13T15:06:10.5966364Z,Pipeline,PreviewPass,144.627,8921232,9019288,98056,0,0,0
2026-01-13T15:06:10.6213123Z,Pipeline,Total,169.291,8921232,9019288,98056,0,0,0
2026-01-13T15:06:10.7031082Z,Pipeline,ApplyFilters_preview,87.334,9019288,9076520,57232,0,0,0
2026-01-13T15:06:10.7563776Z,Pipeline,PreviewPass,140.629,9019288,9129680,110392,0,0,0
2026-01-13T15:06:10.7813414Z,Pipeline,Total,165.595,9019288,9137824,118536,0,0,0
2026-01-13T15:06:10.8631879Z,Pipeline,ApplyFilters_preview,87.247,9129680,9195016,65336,0,0,0
2026-01-13T15:06:10.9145708Z,Pipeline,PreviewPass,138.667,9129680,9203144,73464,0,0,0
2026-01-13T15:06:10.9432153Z,Pipeline,Total,167.312,9129680,9211368,81688,0,0,0
2026-01-13T15:06:11.0227572Z,Pipeline,ApplyFilters_preview,85.718,9203144,9251760,48616,0,0,0
2026-01-13T15:06:11.0746625Z,Pipeline,PreviewPass,137.651,9203144,9317352,114208,0,0,0
2026-01-13T15:06:11.1016271Z,Pipeline,Total,164.633,9203144,9317352,114208,0,0,0
2026-01-13T15:06:11.1865571Z,Pipeline,ApplyFilters_preview,90.303,9317352,9400040,82688,0,0,0
2026-01-13T15:06:11.2393433Z,Pipeline,PreviewPass,143.112,9317352,9408240,90888,0,0,0
2026-01-13T15:06:11.2678390Z,Pipeline,Total,171.611,9317352,9449328,131976,0,0,0
2026-01-13T15:06:11.3479255Z,Pipeline,ApplyFilters_preview,86.449,9449328,9467624,18296,0,0,0
2026-01-13T15:06:11.4022455Z,Pipeline,PreviewPass,140.798,9449328,9520632,71304,0,0,0
2026-01-13T15:06:11.4275332Z,Pipeline,Total,166.089,9449328,9528816,79488,0,0,0
2026-01-13T15:06:11.5073692Z,Pipeline,ApplyFilters_preview,85.713,9528816,9569744,40928,0,0,0
2026-01-13T15:06:11.5581307Z,Pipeline,PreviewPass,136.502,9528816,9569744,40928,0,0,0
2026-01-13T15:06:11.5870365Z,Pipeline,Total,165.411,9528816,9626992,98176,0,0,0
2026-01-13T15:06:11.6674267Z,Pipeline,ApplyFilters_preview,85.895,9625480,9643392,17912,0,0,0
2026-01-13T15:06:11.7195734Z,Pipeline,PreviewPass,138.065,9625480,9698392,72912,0,0,0
2026-01-13T15:06:11.7443112Z,Pipeline,Total,162.805,9625480,9709576,84096,0,0,0
2026-01-13T15:06:11.8466509Z,Pipeline,ApplyFilters_preview,108.296,9701408,9761552,60144,0,0,0
2026-01-13T15:06:11.8988747Z,Pipeline,PreviewPass,160.549,9698392,9846168,147776,0,0,0
2026-01-13T15:06:11.9231703Z,Pipeline,Total,184.846,9698392,9846168,147776,0,0,0
2026-01-13T15:06:12.0057173Z,Pipeline,ApplyFilters_preview,88.059,9846168,9901760,55592,0,0,0
2026-01-13T15:06:12.0542222Z,Pipeline,PreviewPass,136.582,9846168,9909824,63656,0,0,0
2026-01-13T15:06:12.0784423Z,Pipeline,Total,160.806,9846168,9942584,96416,0,0,0
2026-01-13T15:06:12.1868360Z,Pipeline,ApplyFilters_preview,113.776,9942584,10037288,94704,0,0,0
2026-01-13T15:06:12.2558921Z,Pipeline,PreviewPass,182.739,9942584,10045480,102896,0,0,0
2026-01-13T15:06:12.3039764Z,Pipeline,Total,230.950,9942584,10081608,139024,0,0,0
2026-01-13T15:06:12.3925780Z,Pipeline,ApplyFilters_preview,94.382,10073408,10163552,90144,0,0,0
2026-01-13T15:06:12.4473999Z,Pipeline,PreviewPass,149.223,10073408,10171736,98328,0,0,0
2026-01-13T15:06:12.4770734Z,Pipeline,Total,178.902,10073408,10210264,136856,0,0,0
2026-01-13T15:06:12.6094017Z,Pipeline,ApplyFilters_preview,138.517,10177368,10330528,153160,0,0,0
2026-01-13T15:06:12.6670040Z,Pipeline,PreviewPass,196.145,10177368,10330528,153160,0,0,0
2026-01-13T15:06:12.6916729Z,Pipeline,Total,220.811,10177368,10380664,203296,0,0,0
2026-01-13T15:06:12.7733560Z,Pipeline,ApplyFilters_preview,87.438,10372752,10396648,23896,0,0,0
2026-01-13T15:06:12.8261012Z,Pipeline,PreviewPass,140.207,10372752,10453656,80904,0,0,0
2026-01-13T15:06:12.8559981Z,Pipeline,Total,170.105,10372752,10461792,89040,0,0,0
2026-01-13T15:06:12.9380483Z,Pipeline,ApplyFilters_preview,88.262,10453656,10503968,50312,0,0,0
2026-01-13T15:06:12.9937552Z,Pipeline,PreviewPass,143.801,10453656,8518928,-1934728,1,1,0
2026-01-13T15:06:13.0200804Z,Pipeline,Total,170.322,10453656,8535376,-1918280,1,1,0
2026-01-13T15:06:13.1031496Z,Pipeline,ApplyFilters_preview,88.778,8527152,8615632,88480,0,0,0
2026-01-13T15:06:13.1562338Z,Pipeline,PreviewPass,141.879,8527152,8623672,96520,0,0,0
2026-01-13T15:06:13.1851241Z,Pipeline,Total,170.779,8527152,8678264,151112,0,0,0
2026-01-13T15:06:13.2405503Z,Pipeline,ApplyFilters_preview,61.505,8623672,8702832,79160,0,0,0
2026-01-13T15:06:13.2810892Z,Pipeline,PreviewPass,102.076,8623672,8711056,87384,0,0,0
2026-01-13T15:06:13.3613081Z,Pipeline,ApplyFilters_full,59.026,8759320,8784144,24824,0,0,0
2026-01-13T15:06:13.4033177Z,Pipeline,FullPass,101.065,8759320,8866272,106952,0,0,0
2026-01-13T15:06:13.4227279Z,Pipeline,Total,243.714,8623672,8866272,242600,0,0,0
2026-01-13T15:06:13.8343027Z,Pipeline,ApplyFilters_preview,80.515,9363344,9505112,141768,0,0,0
2026-01-13T15:06:13.8849267Z,Pipeline,PreviewPass,131.160,9363344,9505112,141768,0,0,0
2026-01-13T15:06:13.9099234Z,Pipeline,Total,156.161,9363344,9554256,190912,0,0,0
2026-01-13T15:06:13.9457894Z,Pipeline,ApplyFilters_preview,41.918,9554256,9560608,6352,0,0,0
2026-01-13T15:06:13.9846314Z,Pipeline,PreviewPass,80.788,9554256,9568760,14504,0,0,0
2026-01-13T15:06:14.0461061Z,Pipeline,ApplyFilters_full,38.754,9616088,9635592,19504,0,0,0
2026-01-13T15:06:14.0848072Z,Pipeline,FullPass,77.496,9616088,9643816,27728,0,0,0
2026-01-13T15:06:14.1032578Z,Pipeline,Total,199.413,9554256,9724464,170208,0,0,0
