<?xml version="1.0"?>
<doc>
    <assembly>
        <name>Sentry.Profiling</name>
    </assembly>
    <members>
        <member name="T:Downsampler">
            <summary>
            Reduce sampling rate from 1 Hz that is the default for the provider to the configured SamplingRateMs.
            </summary>
        </member>
        <member name="T:Sentry.Profiling.ProfilingIntegration">
            <summary>
            Enables transaction performance profiling.
            </summary>
        </member>
        <member name="M:Sentry.Profiling.ProfilingIntegration.#ctor(System.TimeSpan)">
             <summary>
             Initializes the profiling integration.
             </summary>
             <param name="startupTimeout">
             If not given or TimeSpan.Zero, then the profiler initialization is asynchronous.
             This is useful for applications that need to start quickly. The profiler will start in the background
             and will be ready to capture transactions that have started after the profiler has started.
            
             If given a non-zero timeout, profiling startup blocks up to the given amount of time. If the timeout is reached
             and the profiler session hasn't started yet, the execution is unblocked and behaves as the async startup,
             i.e. transactions will be profiled only after the session is eventually started.
             </param>
        </member>
        <member name="M:Sentry.Profiling.ProfilingIntegration.Register(Sentry.IHub,Sentry.SentryOptions)">
            <inheritdoc/>
        </member>
        <member name="T:Sentry.Profiling.SampleProfileBuilder">
            <summary>
            Build a SampleProfile from TraceEvent data.
            </summary>
        </member>
        <member name="M:Sentry.Profiling.SampleProfileBuilder.AddStackTrace(Microsoft.Diagnostics.Tracing.Etlx.CallStackIndex)">
            <summary>
            Adds stack trace and frames, if missing.
            </summary>
            <returns>The index into the Profile's stacks list</returns>
        </member>
        <member name="M:Sentry.Profiling.SampleProfileBuilder.AddStackFrame(Microsoft.Diagnostics.Tracing.Etlx.CodeAddressIndex)">
            <summary>
            Check if the frame is already stored in the output Profile, or adds it.
            </summary>
            <returns>The index to the output Profile frames array.</returns>
        </member>
        <member name="M:Sentry.Profiling.SampleProfileBuilder.AddThread(Microsoft.Diagnostics.Tracing.Etlx.TraceThread)">
            <summary>
            Check if the thread is already stored in the output Profile, or adds it.
            </summary>
            <returns>The index to the output Profile frames array.</returns>
        </member>
        <member name="M:Sentry.Profiling.SamplingTransactionProfiler.Finish">
            <inheritdoc />
        </member>
        <member name="M:Sentry.Profiling.SamplingTransactionProfiler.Collect(Sentry.SentryTransaction)">
            <inheritdoc />
        </member>
        <member name="M:Sentry.Profiling.SamplingTransactionProfilerFactory.Start(Sentry.ITransactionTracer,System.Threading.CancellationToken)">
            <inheritdoc />
        </member>
        <member name="T:Sentry.SentryOptionsProfilingExtensions">
            <summary>
            The additional Sentry Options extensions from Sentry Profiling.
            </summary>
        </member>
        <member name="M:Sentry.SentryOptionsProfilingExtensions.AddProfilingIntegration(Sentry.SentryOptions,System.TimeSpan)">
             <summary>
             Adds ProfilingIntegration to Sentry.
             </summary>
             <param name="options">The Sentry options.</param>
             <param name="startupTimeout">
             If not given or TimeSpan.Zero, then the profiler initialization is asynchronous.
             This is useful for applications that need to start quickly. The profiler will start in the background
             and will be ready to capture transactions that have started after the profiler has started.
            
             If given a non-zero timeout, profiling startup blocks up to the given amount of time. If the timeout is reached
             and the profiler session hasn't started yet, the execution is unblocked and behaves as the async startup,
             i.e. transactions will be profiled only after the session is eventually started.
             </param>
        </member>
        <member name="M:Sentry.SentryOptionsProfilingExtensions.DisableProfilingIntegration(Sentry.SentryOptions)">
            <summary>
            Disables the Profiling integration.
            </summary>
            <param name="options">The SentryOptions to remove the integration from.</param>
        </member>
    </members>
</doc>
